Page ID,Client ID,Page Title,Page Notes,Page URL,Page Color,Page Color Hex,Title Tag,Meta Description
page_001,1,index,,https://www.atyourservicepros.us/index.html,colorD,#ffffff,Home page,"Heating, Air Conditioning, Plumbing, and Electric company in utah."
page_001_001,2,appointment,,https://www.atyourservicepros.us/appointment.html,colorD,#ffffff,Online appointment,Schedule an online appointment
page_001_002,3,career,,https://www.atyourservicepros.us/career.html,colorD,#ffffff,Join our team,job application
page_001_003,5,contact,,https://www.atyourservicepros.us/contact.html,colorD,#ffffff,Contact us,contact us for questions or concerns.
page_001_004,6,HVAC,,https://www.atyourservicepros.us/HVAC_services.html,colorD,#ffffff,Heating & Air info,Heating & Air Conditioning services.
page_001_005,7,electrical,,https://www.atyourservicepros.us/eletrical_services.html,colorD,#ffffff,electrical info,Electrical services.
page_001_006,8,plumbing,,https://www.atyourservicepros.us/plumbing_services.html,colorD,#ffffff,plumbing info,Plumbing services.
page_001_007,9,replacement coupon,,https://www.atyourservicepros.us/coupon1.html,colorD,#ffffff,deal coupon,Furnace or AC replacement coupon.
page_001_008,10,service coupon,,https://www.atyourservicepros.us/coupon2.html,colorD,#ffffff,Discount  coupon,Any of our services coupon.
page_001_009,11,free coupon,,https://www.atyourservicepros.us/coupon3.html,colorD,#ffffff,Free  coupon,Free dispatch and diagnostic coupon.
page_001_010,12,service partner plan,,https://www.atyourservicepros.us/service_partner_plan.html,colorD,#ffffff,Maintenance,Service Plans that save customers money.
page_001_011,13,Financing,,https://www.atyourservicepros.us/financing.html,colorD,#ffffff,Financing info,Financing application and information
